City_ID,City,Country,Date,Lat,Lng,Max Temp,Humidity,Cloudiness,Wind Speed
0,Cape Town,ZA,2022-01-24 00:22:53,-33.9258,18.4232,69.28,86,75,9.22
1,Albany,US,2022-01-24 00:22:53,42.6001,-73.9662,26.8,86,100,2.1
2,San Patricio,US,2022-01-24 00:22:54,28.017,-97.5169,57.88,45,100,3.76
3,Vaini,TO,2022-01-24 00:22:54,-21.2,-175.2,81.36,76,26,11.48
4,Lebu,CL,2022-01-24 00:22:54,-37.6167,-73.65,60.89,85,0,8.93
5,Tual,ID,2022-01-24 00:22:54,-5.6667,132.75,82.83,79,97,12.35
6,Gondanglegi,ID,2022-01-24 00:22:55,-7.7479,112.0132,77.77,85,65,3.62
7,Hermanus,ZA,2022-01-24 00:22:55,-34.4187,19.2345,67.89,93,71,7.58
8,Narsaq,GL,2022-01-24 00:22:55,60.9167,-46.05,23.22,70,100,9.15
9,Cururupu,BR,2022-01-24 00:22:56,-1.8283,-44.8683,75.96,91,83,3.44
10,Constitucion,CL,2022-01-24 00:22:56,-35.3333,-72.4167,60.64,79,0,16.84
11,Yanam,IN,2022-01-24 00:22:56,16.7333,82.2167,68.36,97,49,2.35
12,Shenjiamen,CN,2022-01-24 00:22:57,29.9576,122.298,49.12,89,100,15.9
13,Mataura,NZ,2022-01-24 00:22:57,-46.1927,168.8643,60.48,40,36,1.21
14,Hobart,AU,2022-01-24 00:22:57,-42.8794,147.3294,80.02,65,100,10.36
15,Busselton,AU,2022-01-24 00:22:58,-33.65,115.3333,71.04,69,24,16.75
16,Mirandola,IT,2022-01-24 00:22:58,44.8868,11.0662,39.45,86,3,1.68
17,Taylorville,US,2022-01-24 00:19:41,39.5489,-89.2945,23.22,63,0,5.75
18,Torbay,CA,2022-01-24 00:22:58,47.6666,-52.7314,26.76,90,100,16.11
19,Chokurdakh,RU,2022-01-24 00:22:59,70.6333,147.9167,-19.79,99,100,6.78
20,Yulara,AU,2022-01-24 00:22:58,-25.2406,130.9889,82.24,42,0,9.22
21,Acapulco,MX,2022-01-24 00:22:31,16.8634,-99.8901,84.02,61,0,11.5
22,Saldanha,ZA,2022-01-24 00:22:59,-33.0117,17.9442,65.79,95,77,9.93
23,Riyadh,SA,2022-01-24 00:21:56,24.6877,46.7219,51.94,29,8,8.32
24,Punta Arenas,CL,2022-01-24 00:21:23,-53.15,-70.9167,53.71,71,75,23.02
25,Airai,TL,2022-01-24 00:23:00,-8.9266,125.4092,68.99,72,100,2.48
26,Westminster,US,2022-01-24 00:21:25,39.8367,-105.0372,48.97,36,0,4.61
27,Port Lincoln,AU,2022-01-24 00:23:00,-34.7333,135.8667,71.76,85,70,6.85
28,Sioux Lookout,CA,2022-01-24 00:23:01,50.1001,-91.917,-3.62,77,100,3.44
29,Ust-Ilimsk,RU,2022-01-24 00:23:01,58.0006,102.6619,-9.49,99,100,2.55
30,Arraial Do Cabo,BR,2022-01-24 00:23:01,-22.9661,-42.0278,76.96,83,0,16.11
31,Aberdeen,GB,2022-01-24 00:18:58,57.1437,-2.0981,45.5,89,100,10.36
32,Ushuaia,AR,2022-01-24 00:23:02,-54.8,-68.3,51.46,76,75,10.36
33,Atuona,PF,2022-01-24 00:23:02,-9.8,-139.0333,78.75,71,10,18.25
34,Zaltan,LY,2022-01-24 00:23:02,32.947,11.8665,51.1,67,30,4.81
35,Dale,US,2022-01-24 00:23:03,38.1689,-86.99,29.98,74,0,5.75
36,Georgetown,MY,2022-01-24 00:22:57,5.4112,100.3354,78.73,100,20,1.14
37,Saint-Philippe,RE,2022-01-24 00:23:04,-21.3585,55.7679,78.35,81,58,7.9
38,Loacan,PH,2022-01-24 00:23:04,16.55,120.6667,67.71,83,14,2.53
39,Qaanaaq,GL,2022-01-24 00:23:04,77.484,-69.3632,-4.31,77,100,3.6
40,Hilo,US,2022-01-24 00:23:05,19.7297,-155.09,78.53,72,40,8.05
41,Kahului,US,2022-01-24 00:23:05,20.8947,-156.47,82.42,69,20,19.57
42,Labuhan,ID,2022-01-24 00:23:05,-6.8844,112.2051,79.12,85,96,8.7
43,East London,ZA,2022-01-24 00:23:06,-33.0153,27.9116,71.38,78,0,18.86
44,Jamestown,US,2022-01-24 00:22:25,42.097,-79.2353,21.09,67,100,4.0
45,Chuy,UY,2022-01-24 00:23:06,-33.6971,-53.4616,73.38,95,86,4.41
46,Rapid City,US,2022-01-24 00:22:45,44.0805,-103.231,51.15,36,100,1.99
47,Sorland,NO,2022-01-24 00:24:07,67.667,12.6934,39.99,82,100,38.21
48,Sault Sainte Marie,CA,2022-01-24 00:23:02,46.5168,-84.3333,14.9,70,100,11.5
49,Acajutla,SV,2022-01-24 00:24:07,13.5928,-89.8275,88.14,70,17,6.38
50,Osypenko,UA,2022-01-24 00:23:18,46.9136,36.8253,25.84,86,100,18.05
51,Edd,ER,2022-01-24 00:24:07,13.9297,41.6925,78.24,73,18,11.81
52,Cotonou,BJ,2022-01-24 00:24:08,6.3654,2.4183,79.34,78,3,7.36
53,Nikolsk,RU,2022-01-24 00:24:08,53.7189,46.0712,16.29,96,100,5.44
54,Araguaina,BR,2022-01-24 00:24:08,-7.1911,-48.2072,76.21,83,79,3.22
55,Esperance,AU,2022-01-24 00:24:09,-33.8667,121.9,67.84,81,80,13.6
56,Tuktoyaktuk,CA,2022-01-24 00:24:09,69.4541,-133.0374,1.4,85,75,9.22
57,Puerto Ayora,EC,2022-01-24 00:24:09,-0.7393,-90.3518,74.08,87,97,8.41
58,Salisbury,GB,2022-01-24 00:19:13,51.0693,-1.7957,43.48,84,100,4.61
59,Beyneu,KZ,2022-01-24 00:24:10,45.3167,55.2,27.28,85,100,15.37
60,Kavieng,PG,2022-01-24 00:24:10,-2.5744,150.7967,84.45,67,67,7.09
61,Kapaa,US,2022-01-24 00:24:10,22.0752,-159.319,79.48,71,20,1.01
62,Butaritari,KI,2022-01-24 00:24:11,3.0707,172.7902,82.22,79,96,18.1
63,Castro,BR,2022-01-24 00:24:11,-24.7911,-50.0119,69.55,80,32,4.65
64,Bethel,US,2022-01-24 00:24:11,41.3712,-73.414,33.04,78,100,5.75
65,Denpasar,ID,2022-01-24 00:24:12,-8.65,115.2167,83.86,79,20,11.5
66,Bastia,FR,2022-01-24 00:24:12,42.6667,9.3333,46.29,77,0,3.0
67,Victoria,HK,2022-01-24 00:23:12,22.2855,114.1577,67.95,94,90,1.01
68,Bredasdorp,ZA,2022-01-24 00:24:13,-34.5322,20.0403,67.28,88,38,8.39
69,Buenaventura,CO,2022-01-24 00:24:13,3.8801,-77.0312,75.43,95,61,3.09
70,Timmins,CA,2022-01-24 00:23:16,48.4669,-81.3331,-13.18,84,0,4.61
71,Yellowknife,CA,2022-01-24 00:24:13,62.456,-114.3525,-19.68,76,20,6.91
72,Lakes Entrance,AU,2022-01-24 00:24:14,-37.8811,147.981,84.58,62,70,3.85
73,Upernavik,GL,2022-01-24 00:24:14,72.7868,-56.1549,-13.18,61,3,4.99
74,Tevaitoa,PF,2022-01-24 00:24:14,-16.7833,-151.5,81.37,68,95,14.41
75,Severo-Kurilsk,RU,2022-01-24 00:24:15,50.6789,156.125,26.83,74,99,11.16
76,Tasiilaq,GL,2022-01-24 00:24:15,65.6145,-37.6368,15.96,51,66,11.79
77,Kendari,ID,2022-01-24 00:24:15,-3.945,122.4989,80.94,77,93,3.31
78,Korla,CN,2022-01-24 00:24:16,41.7597,86.1469,24.31,57,100,2.86
79,Bengkulu,ID,2022-01-24 00:24:16,-3.8004,102.2655,75.87,88,76,3.69
80,Nhulunbuy,AU,2022-01-24 00:24:16,-12.2333,136.7667,79.41,94,75,6.91
81,Paamiut,GL,2022-01-24 00:24:17,61.994,-49.6678,23.13,74,100,13.49
82,Port Alfred,ZA,2022-01-24 00:24:17,-33.5906,26.891,71.53,77,0,16.26
83,Rikitea,PF,2022-01-24 00:23:33,-23.1203,-134.9692,78.37,70,100,15.1
84,Hithadhoo,MV,2022-01-24 00:24:18,-0.6,73.0833,82.33,66,75,15.43
85,Portland,US,2022-01-24 00:21:43,45.5234,-122.6762,55.06,70,39,1.01
86,Mount Gambier,AU,2022-01-24 00:24:18,-37.8333,140.7667,87.71,27,88,11.5
87,Fortuna,US,2022-01-24 00:24:18,40.5982,-124.1573,65.08,59,0,2.48
88,Thompson,CA,2022-01-24 00:24:19,55.7435,-97.8558,-12.84,70,0,8.05
89,Richards Bay,ZA,2022-01-24 00:23:04,-28.783,32.0377,67.71,87,12,5.3
90,Tarboro,US,2022-01-24 00:24:19,35.8968,-77.5358,35.98,75,0,0.0
91,Khandbari,NP,2022-01-24 00:24:19,27.3747,87.2039,44.35,68,29,4.81
92,Barrow,US,2022-01-24 00:24:20,71.2906,-156.7887,1.42,85,100,5.75
93,Asau,RO,2022-01-24 00:23:40,46.4333,26.4,22.95,87,88,6.91
94,Mpika,ZM,2022-01-24 00:25:20,-11.8343,31.4529,58.62,98,99,5.35
95,Lorengau,PG,2022-01-24 00:25:21,-2.0226,147.2712,85.1,73,93,14.38
96,Bluff,NZ,2022-01-24 00:25:21,-46.6,168.3333,60.8,59,55,6.8
97,Katsuura,JP,2022-01-24 00:20:40,35.1333,140.3,48.18,80,100,17.78
98,Dhidhdhoo,MV,2022-01-24 00:25:21,6.8833,73.1,80.42,63,100,8.88
99,Clyde River,CA,2022-01-24 00:25:22,70.4692,-68.5914,-5.57,84,100,29.93
100,Luderitz,NA,2022-01-24 00:25:22,-26.6481,15.1594,75.45,66,51,8.21
101,Iranshahr,IR,2022-01-24 00:25:22,27.2025,60.6848,41.34,65,0,6.91
102,Balkhash,KZ,2022-01-24 00:25:23,46.844,74.9804,10.29,81,100,7.52
103,Nikolskoye,RU,2022-01-24 00:25:23,59.7035,30.7861,26.87,93,96,8.66
104,Berlevag,NO,2022-01-24 00:25:23,70.8578,29.0864,42.33,78,100,44.83
105,Lekoni,GA,2022-01-24 00:25:24,-1.5843,14.2591,81.19,56,92,3.89
106,Namibe,AO,2022-01-24 00:24:51,-15.1961,12.1522,74.95,86,82,5.57
107,Fairbanks,US,2022-01-24 00:25:24,64.8378,-147.7164,16.61,76,0,0.0
108,Bar Harbor,US,2022-01-24 00:25:24,44.3876,-68.2039,28.9,63,75,8.01
109,Atlantic Beach,US,2022-01-24 00:25:25,30.3344,-81.3987,48.22,68,0,4.61
110,Mwinilunga,ZM,2022-01-24 00:25:25,-11.7358,24.4293,58.32,97,42,3.33
111,Port Elizabeth,ZA,2022-01-24 00:22:31,-33.918,25.5701,62.89,88,0,2.3
112,New Norfolk,AU,2022-01-24 00:25:26,-42.7826,147.0587,79.66,40,99,1.99
113,Gao,ML,2022-01-24 00:24:21,16.6362,1.637,63.27,17,12,11.18
114,Tambo,PE,2022-01-24 00:25:26,-14.8,-73.9167,38.17,91,96,7.96
115,Mahibadhoo,MV,2022-01-24 00:25:27,3.7833,72.9667,80.92,69,82,13.62
116,Buala,SB,2022-01-24 00:22:01,-8.145,159.5921,86.79,66,95,7.11
117,Banyumas,ID,2022-01-24 00:25:27,-7.5142,109.2942,80.08,87,97,1.72
118,Charagua,BO,2022-01-24 00:25:27,-19.8,-63.2167,73.0,79,28,10.36
119,Speightstown,BB,2022-01-24 00:25:28,13.25,-59.65,77.61,70,3,12.77
120,Castelldefels,ES,2022-01-24 00:25:28,41.2779,1.9703,48.88,88,20,5.01
121,Salmas,IR,2022-01-24 00:25:28,38.1973,44.7653,5.99,69,10,5.61
122,Geraldton,AU,2022-01-24 00:25:29,-28.7667,114.6,77.41,69,0,21.85
123,Chopan,IN,2022-01-24 00:25:29,24.5167,83.0333,61.93,76,50,1.59
124,Sorong,ID,2022-01-24 00:25:29,-0.8833,131.25,81.54,76,99,5.37
125,Presidencia Roque Saenz Pena,AR,2022-01-24 00:25:30,-26.7852,-60.4388,94.82,28,60,5.3
126,Carnarvon,AU,2022-01-24 00:25:30,-24.8667,113.6333,84.27,51,1,23.02
127,Iqaluit,CA,2022-01-24 00:25:30,63.7506,-68.5145,-7.87,71,100,0.0
128,Hasaki,JP,2022-01-24 00:25:31,35.7333,140.8333,46.29,60,100,25.52
129,Nabire,ID,2022-01-24 00:25:31,-3.3667,135.4833,83.07,74,97,0.09
130,Alofi,NU,2022-01-24 00:25:31,-19.0595,-169.9187,85.89,74,30,10.36
131,Urucara,BR,2022-01-24 00:25:32,-2.5364,-57.76,74.39,97,97,0.87
132,Murray Bridge,AU,2022-01-24 00:25:32,-35.1167,139.2667,82.15,57,100,6.33
133,Buchanan,LR,2022-01-24 00:25:32,5.8808,-10.0467,77.23,84,7,4.23
134,Ouegoa,NC,2022-01-24 00:25:33,-20.35,164.4333,85.21,60,84,1.61
135,Cidreira,BR,2022-01-24 00:25:33,-30.1811,-50.2056,77.05,89,69,9.84
136,Grindavik,IS,2022-01-24 00:25:34,63.8424,-22.4338,30.15,93,75,4.61
137,Banda Aceh,ID,2022-01-24 00:23:06,5.5577,95.3222,76.24,83,82,3.38
138,Isangel,VU,2022-01-24 00:25:34,-19.55,169.2667,86.11,84,40,4.61
139,Leningradskiy,RU,2022-01-24 00:25:34,69.3833,178.4167,-13.58,95,100,5.1
140,Sherbakul,RU,2022-01-24 00:26:35,54.6316,72.3963,-7.92,100,67,3.11
141,Frontera,MX,2022-01-24 00:26:35,26.9333,-101.45,51.55,82,75,4.61
142,Polunochnoye,RU,2022-01-24 00:26:35,60.8697,60.4153,15.1,94,100,2.57
143,Provideniya,RU,2022-01-24 00:26:36,64.3833,-173.3,14.36,79,100,8.95
144,Rutland,US,2022-01-24 00:26:36,43.6167,-73.0162,24.62,86,100,0.0
145,Avarua,CK,2022-01-24 00:24:27,-21.2078,-159.775,80.65,94,75,16.11
146,Maraba,BR,2022-01-24 00:26:37,-5.3686,-49.1178,78.98,100,20,0.0
147,Mitsamiouli,KM,2022-01-24 00:26:37,-11.3847,43.2844,81.03,80,100,26.57
148,Roebourne,AU,2022-01-24 00:26:37,-20.7833,117.1333,86.0,64,46,5.46
149,Garissa,KE,2022-01-24 00:26:38,-0.4536,39.6401,75.9,68,8,7.58
150,Ahipara,NZ,2022-01-24 00:26:38,-35.1667,173.1667,71.49,70,100,12.41
151,Tuatapere,NZ,2022-01-24 00:26:38,-46.1333,167.6833,60.82,52,36,4.45
152,Yuanping,CN,2022-01-24 00:26:39,38.7153,112.7575,29.66,74,97,0.29
153,Kodiak,US,2022-01-24 00:25:04,57.79,-152.4072,42.31,81,100,12.66
154,Marawi,PH,2022-01-24 00:26:39,7.9986,124.2928,67.64,95,100,2.84
155,Kortkeros,RU,2022-01-24 00:26:39,61.8106,51.5806,10.4,96,97,5.88
156,Ilhabela,BR,2022-01-24 00:26:40,-23.7781,-45.3581,77.56,90,57,8.19
157,Hami,CN,2022-01-24 00:26:40,42.8,93.45,21.87,58,0,4.68
158,Talnakh,RU,2022-01-24 00:26:41,69.4865,88.3972,-3.23,99,99,6.69
159,Souillac,MU,2022-01-24 00:23:38,-20.5167,57.5167,79.18,89,20,3.44
160,Lompoc,US,2022-01-24 00:26:41,34.6391,-120.4579,73.56,59,0,8.05
161,Pusad,IN,2022-01-24 00:26:41,19.9,77.5833,58.3,51,5,6.17
162,Cayenne,GF,2022-01-24 00:26:42,4.9333,-52.3333,78.1,88,75,1.99
163,Kudahuvadhoo,MV,2022-01-24 00:26:42,2.6708,72.8944,80.6,72,93,11.41
164,Pailon,BO,2022-01-24 00:26:42,-17.65,-62.75,79.7,75,68,7.16
165,Danielskuil,ZA,2022-01-24 00:26:43,-28.1887,23.5395,62.56,44,4,7.87
166,Saskylakh,RU,2022-01-24 00:26:43,71.9167,114.0833,-18.76,100,97,4.25
167,Faya,SA,2022-01-24 00:26:43,18.3851,42.4509,50.11,55,42,3.4
168,Cabo San Lucas,MX,2022-01-24 00:23:40,22.8909,-109.9124,72.7,72,100,1.01
169,Livingston,GB,2022-01-24 00:22:16,55.9029,-3.5226,43.81,81,100,13.8
170,Brylivka,UA,2022-01-24 00:26:44,46.4248,33.1472,26.98,75,100,16.26
171,Baruun-Urt,MN,2022-01-24 00:26:44,46.6806,113.2792,0.19,99,97,2.75
172,Wenling,CN,2022-01-24 00:26:44,28.3669,121.36,52.92,88,99,11.68
173,Brigantine,US,2022-01-24 00:26:45,39.4101,-74.3646,36.01,67,100,5.75
174,Luau,AO,2022-01-24 00:26:45,-10.7073,22.2247,61.5,96,36,1.92
175,Salalah,OM,2022-01-24 00:26:45,17.0151,54.0924,66.29,27,0,12.66
176,Skjervoy,NO,2022-01-24 00:26:46,70.0311,20.9714,42.13,87,100,40.78
177,Shevchenkove,UA,2022-01-24 00:26:46,49.6959,37.1735,20.98,93,100,16.98
178,Warrnambool,AU,2022-01-24 00:21:48,-38.3833,142.4833,86.81,43,100,6.93
179,Vestmannaeyjar,IS,2022-01-24 00:26:03,63.4427,-20.2734,34.77,72,100,29.44
180,Cherskiy,RU,2022-01-24 00:26:47,68.75,161.3,-29.6,97,100,4.76
181,Flin Flon,CA,2022-01-24 00:26:47,54.7682,-101.865,-5.96,65,0,8.05
182,Itaituba,BR,2022-01-24 00:26:48,-4.2761,-55.9836,77.16,94,40,0.0
183,Buraydah,SA,2022-01-24 00:27:48,26.326,43.975,57.65,54,3,9.1
184,Bergen,NO,2022-01-24 00:27:48,60.392,5.328,45.16,92,75,17.27
185,Yondo,CO,2022-01-24 00:27:49,7.0062,-73.9097,79.75,78,85,2.21
186,Faanui,PF,2022-01-24 00:24:43,-16.4833,-151.75,81.3,70,97,14.03
187,Champerico,GT,2022-01-24 00:27:49,14.3,-91.9167,86.54,65,1,7.16
188,Bambous Virieux,MU,2022-01-24 00:27:50,-20.3428,57.7575,79.05,89,20,3.44
189,Mehamn,NO,2022-01-24 00:27:50,71.0357,27.8492,40.24,93,100,44.83
190,Taoudenni,ML,2022-01-24 00:27:50,22.6783,-3.9836,65.32,18,56,10.04
191,Klaksvik,FO,2022-01-24 00:27:51,62.2266,-6.589,40.12,62,98,26.93
192,Stephenville,US,2022-01-24 00:24:39,32.2207,-98.2023,59.09,48,0,4.61
193,Chapais,CA,2022-01-24 00:25:35,49.7834,-74.8492,-15.02,100,98,3.02
194,Bonthe,SL,2022-01-24 00:27:51,7.5264,-12.505,77.7,80,22,4.09
195,Vila,PT,2022-01-24 00:27:52,42.0304,-8.1588,34.32,84,0,3.06
196,Ballina,AU,2022-01-24 00:27:52,-28.8667,153.5667,78.98,76,40,12.66
197,Semey,KZ,2022-01-24 00:24:26,50.4111,80.2275,-11.97,100,77,0.63
198,Sao Joao Da Barra,BR,2022-01-24 00:27:52,-21.6403,-41.0511,76.14,82,21,13.47
199,Severobaykalsk,RU,2022-01-24 00:27:53,55.65,109.3167,-4.72,88,9,5.01
200,Norman Wells,CA,2022-01-24 00:27:53,65.282,-126.8329,5.04,78,75,5.75
201,Matara,LK,2022-01-24 00:27:53,5.9485,80.5353,71.87,91,99,4.03
202,Dikson,RU,2022-01-24 00:27:46,73.5069,80.5464,-6.39,99,100,20.38
203,Marsa Matruh,EG,2022-01-24 00:27:54,31.3525,27.2453,51.22,61,84,16.24
204,Gambiran,ID,2022-01-24 00:27:54,-6.7988,111.4951,76.96,90,92,3.65
205,Douglas,US,2022-01-24 00:27:22,41.3,-96.167,30.07,70,100,3.0
206,Oktyabrskiy,RU,2022-01-24 00:27:55,54.4815,53.471,8.02,92,100,2.17
207,Najran,SA,2022-01-24 00:27:55,17.4924,44.1277,54.25,45,5,0.72
208,Dong Xoai,VN,2022-01-24 00:27:55,11.5333,106.9167,71.42,82,4,0.34
209,Doume,CM,2022-01-24 00:27:56,4.2333,13.45,68.67,32,51,2.48
210,Verkhnevilyuysk,RU,2022-01-24 00:27:56,63.4453,120.3167,-6.52,98,48,5.21
211,Atherton,GB,2022-01-24 00:27:56,53.5237,-2.4935,40.28,84,79,4.68
212,Iquique,CL,2022-01-24 00:27:57,-20.2208,-70.1431,68.52,85,76,4.03
213,Jodhpur,IN,2022-01-24 00:27:57,26.2867,73.03,52.77,61,0,6.08
214,Samagaltay,RU,2022-01-24 00:27:57,50.6022,95.0047,-9.44,97,66,2.42
215,Bathsheba,BB,2022-01-24 00:27:58,13.2167,-59.5167,77.61,73,20,16.11
216,Karatau,KZ,2022-01-24 00:27:58,43.1667,70.4667,27.46,90,91,0.6
217,Mahebourg,MU,2022-01-24 00:27:58,-20.4081,57.7,79.09,89,20,3.44
218,Pangnirtung,CA,2022-01-24 00:27:59,66.1451,-65.7125,-4.2,79,100,5.86
219,Krivodol,BG,2022-01-24 00:27:59,43.3744,23.4844,27.3,81,100,8.03
220,Vysokogornyy,RU,2022-01-24 00:27:59,50.1167,139.15,-8.82,98,94,3.91
221,Correntina,BR,2022-01-24 00:28:00,-13.3433,-44.6367,71.22,85,79,3.02
222,Ilulissat,GL,2022-01-24 00:28:00,69.2167,-51.1,14.02,52,100,16.11
223,Vila Velha,BR,2022-01-24 00:28:01,-20.3297,-40.2925,78.75,86,75,5.75
224,Kulhudhuffushi,MV,2022-01-24 00:27:18,6.6221,73.07,80.26,64,98,9.15
225,Praia Da Vitoria,PT,2022-01-24 00:28:01,38.7333,-27.0667,62.85,67,20,6.08
226,Zemlyansk,RU,2022-01-24 00:29:01,51.9041,38.7334,19.04,94,100,14.58
227,Kirakira,SB,2022-01-24 00:25:33,-10.4544,161.9205,85.39,75,99,8.28
228,Tete,MZ,2022-01-24 00:29:02,-16.1564,33.5867,77.09,83,75,4.61
229,Talcahuano,CL,2022-01-24 00:29:02,-36.7167,-73.1167,60.53,82,0,13.87
230,Tafresh,IR,2022-01-24 00:29:03,34.692,50.013,31.77,29,7,5.37
231,Nanning,CN,2022-01-24 00:26:58,22.8167,108.3167,57.65,84,100,5.03
232,Lixourion,GR,2022-01-24 00:29:03,38.2019,20.4314,43.34,48,28,13.73
233,Ulaanbaatar,MN,2022-01-24 00:29:03,47.9077,106.8832,-11.07,77,75,0.0
234,Sitka,US,2022-01-24 00:29:04,57.0531,-135.33,39.09,93,100,0.0
235,Saint-Joseph,RE,2022-01-24 00:29:04,-21.3667,55.6167,77.36,81,44,9.42
236,Naryan-Mar,RU,2022-01-24 00:29:04,67.6713,53.087,11.64,90,99,19.69
237,Djibo,BF,2022-01-24 00:29:05,14.1022,-1.6306,66.04,13,0,10.2
238,Beira,MZ,2022-01-24 00:27:01,-19.8436,34.8389,80.69,89,75,12.66
239,Te Anau,NZ,2022-01-24 00:26:50,-45.4167,167.7167,61.38,59,53,1.39
240,Zemio,CF,2022-01-24 00:29:05,5.0314,25.1361,72.09,36,16,4.47
241,Nanortalik,GL,2022-01-24 00:29:06,60.1432,-45.2371,23.85,77,100,7.11
242,Komsomolets,KZ,2022-01-24 00:29:06,53.7453,62.0708,-13.04,96,14,0.45
243,Nyurba,RU,2022-01-24 00:29:06,63.2842,118.3319,-6.21,97,85,6.44
244,Yeniseysk,RU,2022-01-24 00:29:07,58.4497,92.1703,-17.68,100,98,1.28
245,Sommerda,DE,2022-01-24 00:29:07,51.15,11.1,42.93,94,100,1.12
246,Andapa,MG,2022-01-24 00:29:07,-14.65,49.65,69.39,98,100,2.37
247,Port Blair,IN,2022-01-24 00:29:08,11.6667,92.75,69.84,100,40,1.14
248,Srednekolymsk,RU,2022-01-24 00:29:08,67.45,153.6833,-26.03,98,100,6.8
249,Mvomero,TZ,2022-01-24 00:29:08,-6.25,38.6667,74.73,96,100,6.58
250,Pagudpud,PH,2022-01-24 00:29:09,18.5616,120.7868,76.96,80,16,8.52
251,Rafraf,TN,2022-01-24 00:29:09,37.1904,10.1837,39.52,66,0,6.29
252,Miri,MY,2022-01-24 00:29:09,4.4148,114.0089,77.14,100,40,8.05
253,Camana,PE,2022-01-24 00:29:10,-16.6228,-72.7111,72.68,82,77,7.4
254,Ribeira Grande,PT,2022-01-24 00:29:10,38.5167,-28.7,59.94,64,8,5.61
255,Krasnoselkup,RU,2022-01-24 00:28:13,65.7,82.4667,-21.51,100,100,2.84
256,Kavaratti,IN,2022-01-24 00:29:10,10.5669,72.642,79.57,64,15,10.8
257,Mar Del Plata,AR,2022-01-24 00:28:16,-38.0023,-57.5575,72.09,86,0,4.0
258,Vilyuysk,RU,2022-01-24 00:29:11,63.7553,121.6247,-9.17,98,85,6.13
259,Mareeba,AU,2022-01-24 00:29:11,-17.0,145.4333,84.49,72,100,4.79
260,Rio Cuarto,AR,2022-01-24 00:29:11,-33.1307,-64.3499,73.17,73,0,9.22
261,Akhtanizovskaya,RU,2022-01-24 00:29:12,45.32,37.1,28.87,99,100,15.79
262,Abu Samrah,SY,2022-01-24 00:29:12,35.3029,37.1841,39.33,89,52,11.48
263,Atbasar,KZ,2022-01-24 00:29:13,51.8,68.3333,-6.74,95,95,7.0
264,Urumqi,CN,2022-01-24 00:29:13,43.801,87.6005,11.35,85,100,2.24
265,North Bend,US,2022-01-24 00:25:42,43.4065,-124.2243,59.92,77,0,9.22
266,Goundam,ML,2022-01-24 00:29:13,16.4145,-3.6708,64.6,16,0,9.98
267,Islahiye,TR,2022-01-24 00:29:14,37.025,36.6306,33.58,98,93,3.2
268,Anadyr,RU,2022-01-24 00:29:14,64.75,177.4833,-14.01,75,20,6.71
269,Churapcha,RU,2022-01-24 00:29:14,62.0025,132.4325,-35.01,100,98,0.98
270,Moissala,TD,2022-01-24 00:29:15,8.3404,17.7663,72.07,22,6,5.21
271,Sivas,TR,2022-01-24 00:29:15,39.7916,37.0019,12.83,92,75,13.8
272,Ostashkov,RU,2022-01-24 00:29:15,57.1467,33.1075,-0.38,100,99,4.36
273,Sola,VU,2022-01-24 00:30:16,-13.8833,167.55,86.67,74,75,9.22
274,Sibolga,ID,2022-01-24 00:30:16,1.7427,98.7792,77.04,85,95,1.97
275,Jieshi,CN,2022-01-24 00:30:17,22.8134,115.8257,65.95,86,100,4.7
276,Paita,PE,2022-01-24 00:30:17,-5.0892,-81.1144,71.82,80,40,15.48
277,Kieta,PG,2022-01-24 00:30:17,-6.2167,155.6333,87.04,65,100,7.65
278,Agua Verde,MX,2022-01-24 00:30:18,22.9,-106.05,75.29,71,100,12.35
279,Leshukonskoye,RU,2022-01-24 00:30:18,64.8989,45.7622,13.82,91,100,10.0
280,Los Llanos De Aridane,ES,2022-01-24 00:30:18,28.6585,-17.9182,60.55,88,20,5.01
281,Sayat,TM,2022-01-24 00:30:19,38.7839,63.8803,31.87,65,0,9.15
282,Touros,BR,2022-01-24 00:30:19,-5.1989,-35.4608,81.5,74,10,10.83
283,Kharitonovo,RU,2022-01-24 00:30:19,61.4009,47.4978,8.29,95,79,7.63
284,Methoni,GR,2022-01-24 00:30:20,36.8197,21.7049,41.22,69,91,6.06
285,Troyes,FR,2022-01-24 00:30:20,48.3333,4.0833,32.77,93,0,0.0
286,Tiksi,RU,2022-01-24 00:30:20,71.6872,128.8694,-6.81,99,99,2.55
287,Henties Bay,NA,2022-01-24 00:30:21,-22.116,14.2845,75.65,71,87,11.23
288,Sept-Iles,CA,2022-01-24 00:30:21,50.2001,-66.3821,7.32,86,75,0.0
289,Bahia Honda,CU,2022-01-24 00:30:22,22.9036,-83.1592,67.17,73,1,11.34
290,Nizwa,OM,2022-01-24 00:30:22,22.9333,57.5333,57.52,56,0,2.51
291,Lufilufi,WS,2022-01-24 00:30:22,-13.8745,-171.5986,89.38,73,100,4.99
292,Kaitangata,NZ,2022-01-24 00:27:51,-46.2817,169.8464,55.92,69,56,8.25
293,Mirnyy,RU,2022-01-24 00:30:23,62.5353,113.9611,-13.77,69,100,1.99
294,Ponnampet,IN,2022-01-24 00:30:23,12.15,75.9333,54.7,79,7,2.1
295,Bodden Town,KY,2022-01-24 00:30:24,19.2833,-81.25,78.8,81,20,1.01
296,Lara,AU,2022-01-24 00:30:25,-38.0167,144.4,92.03,60,100,2.3
297,Maceio,BR,2022-01-24 00:28:40,-9.6658,-35.7353,78.24,83,20,6.91
298,Severo-Yeniseyskiy,RU,2022-01-24 00:30:25,60.3725,93.0408,-3.19,99,100,3.09
299,Gat,IL,2022-01-24 00:30:25,31.61,34.7642,51.4,100,44,13.04
300,Agadez,NE,2022-01-24 00:30:26,19.75,10.25,52.34,31,0,9.95
301,Pio Xii,BR,2022-01-24 00:30:26,-3.8325,-45.1525,74.16,95,100,2.91
302,Saint-Ambroise,CA,2022-01-24 00:30:27,48.5501,-71.3324,-1.66,71,43,8.05
303,Chabahar,IR,2022-01-24 00:30:27,25.2919,60.643,62.44,32,0,2.93
304,Rawson,AR,2022-01-24 00:30:28,-43.3002,-65.1023,73.24,32,10,24.52
305,Jian,CN,2022-01-24 00:30:28,27.1172,114.9793,45.72,86,100,6.08
306,Vardo,NO,2022-01-24 00:30:28,70.3705,31.1107,39.79,82,100,42.23
307,Syracuse,IT,2022-01-24 00:28:24,37.0881,15.2792,44.31,62,9,9.86
308,Coquimbo,CL,2022-01-24 00:30:25,-29.9533,-71.3436,63.86,81,60,5.46
309,Bhindar,IN,2022-01-24 00:30:29,24.5,74.1833,44.85,69,0,7.11
310,Pimenta Bueno,BR,2022-01-24 00:30:29,-11.6725,-61.1936,73.18,95,7,2.42
311,Carutapera,BR,2022-01-24 00:30:29,-1.195,-46.02,76.6,92,100,5.91
312,Baracoa,CU,2022-01-24 00:30:30,20.3467,-74.4958,73.83,86,18,2.66
313,Hauterive,FR,2022-01-24 00:30:30,46.0901,3.4459,33.58,90,3,1.99
314,Orai,IN,2022-01-24 00:30:31,25.9833,79.4667,50.94,95,4,6.24
315,Providencia,MX,2022-01-24 00:30:31,28.7167,-111.5833,73.45,47,9,11.9
316,Makakilo City,US,2022-01-24 00:30:31,21.3469,-158.0858,80.92,56,40,8.05
317,Itupiranga,BR,2022-01-24 00:28:42,-5.1347,-49.3267,79.12,97,74,0.78
318,Bubaque,GW,2022-01-24 00:25:44,11.2833,-15.8333,79.14,77,16,10.09
319,Pitea,SE,2022-01-24 00:30:32,65.3172,21.4794,42.1,76,100,13.65
320,Hobyo,SO,2022-01-24 00:27:10,5.3505,48.5268,76.37,71,97,17.47
321,Baiyin,CN,2022-01-24 00:31:32,36.5583,104.2081,11.28,57,64,3.0
322,Pijijiapan,MX,2022-01-24 00:31:33,15.7011,-93.23,78.08,62,0,8.86
323,Grafenhainichen,DE,2022-01-24 00:31:33,51.7333,12.45,44.06,95,100,3.11
324,Vao,NC,2022-01-24 00:29:57,-22.6667,167.4833,76.95,68,8,9.48
325,Panzhihua,CN,2022-01-24 00:31:34,26.5851,101.7128,46.33,69,6,1.21
326,Colmar,FR,2022-01-24 00:31:34,48.0833,7.3667,35.94,80,0,6.91
327,Vanimo,PG,2022-01-24 00:31:34,-2.6741,141.3028,84.33,70,98,2.8
328,Yerbogachen,RU,2022-01-24 00:31:35,61.2767,108.0108,-15.11,100,98,4.41
329,Mizdah,LY,2022-01-24 00:31:35,31.4451,12.9801,46.81,69,100,7.58
330,San Juan,AR,2022-01-24 00:28:06,-31.5375,-68.5364,87.91,30,46,10.45
331,Lagoa,PT,2022-01-24 00:31:35,39.05,-27.9833,59.22,63,3,6.96
332,Sakaiminato,JP,2022-01-24 00:31:36,35.55,133.2333,42.78,61,75,16.11
333,Dingle,PH,2022-01-24 00:31:36,10.9995,122.6711,81.21,79,74,10.83
334,Ekibastuz,KZ,2022-01-24 00:31:37,51.6667,75.3667,-4.4,100,96,2.93
335,Escanaba,US,2022-01-24 00:27:05,45.7453,-87.0646,10.71,66,0,0.0
336,Pevek,RU,2022-01-24 00:31:37,69.7008,170.3133,-10.19,96,100,18.77
337,Caravelas,BR,2022-01-24 00:31:17,-17.7125,-39.2481,75.54,84,18,4.34
338,San-Pedro,CI,2022-01-24 00:31:38,4.7485,-6.6363,77.07,87,0,2.06
339,Umm Lajj,SA,2022-01-24 00:31:38,25.0213,37.2685,62.44,57,0,11.56
340,Holoby,UA,2022-01-24 00:31:38,51.0865,25.0077,11.97,97,56,2.48
341,Mafinga,TZ,2022-01-24 00:31:39,-7.25,35.0667,64.42,97,100,3.38
342,Arman,RU,2022-01-24 00:31:39,59.7,150.1667,-11.99,82,25,8.1
343,Jishou,CN,2022-01-24 00:31:39,28.3167,109.7167,37.71,98,100,3.02
344,Lensk,RU,2022-01-24 00:31:40,60.7253,114.9278,-10.17,100,100,3.85
345,Amapa,BR,2022-01-24 00:31:40,1.0,-52.0,71.31,99,51,1.77
346,Saint Anthony,US,2022-01-24 00:31:40,45.0205,-93.218,7.25,69,100,4.0
347,Eureka,US,2022-01-24 00:31:41,40.8021,-124.1637,65.35,56,0,1.28
348,Nara,JP,2022-01-24 00:29:24,34.6851,135.8049,43.88,79,100,5.28
349,Havoysund,NO,2022-01-24 00:31:41,70.9963,24.6622,43.68,93,100,47.22
350,Longyearbyen,SJ,2022-01-24 00:31:42,78.2186,15.6401,13.84,79,0,13.8
351,Smithers,CA,2022-01-24 00:30:21,54.7804,-127.1743,32.32,93,40,3.44
352,Strezhevoy,RU,2022-01-24 00:31:42,60.7333,77.5889,-0.02,100,86,2.71
353,Dalby,AU,2022-01-24 00:31:42,-27.1833,151.2667,81.3,43,100,2.57
354,Pilar,BR,2022-01-24 00:31:43,-9.5972,-35.9567,76.93,81,93,5.84
355,Pundaguitan,PH,2022-01-24 00:31:43,6.3711,126.1689,79.66,82,100,4.14
356,Hambantota,LK,2022-01-24 00:31:44,6.1241,81.1185,71.94,100,20,4.61
357,Tadine,NC,2022-01-24 00:31:44,-21.55,167.8833,81.18,70,82,9.69
358,Varhaug,NO,2022-01-24 00:31:45,58.6147,5.6457,43.9,90,100,10.69
359,Junin,AR,2022-01-24 00:31:45,-34.5838,-60.9433,73.54,73,100,5.06
360,Aripuana,BR,2022-01-24 00:31:45,-9.1667,-60.6333,73.18,98,100,2.55
361,Trapani,IT,2022-01-24 00:31:46,37.8333,12.6667,46.58,73,0,4.76
362,Olafsvik,IS,2022-01-24 00:31:46,64.8945,-23.7142,28.89,71,100,10.04
363,Soyo,AO,2022-01-24 00:31:47,-6.1349,12.3689,75.99,85,100,8.19
364,Payakumbuh,ID,2022-01-24 00:31:47,-0.2202,100.6308,70.34,98,100,1.19
365,Orcopampa,PE,2022-01-24 00:31:47,-15.2661,-72.3417,44.4,92,100,2.1
366,Finnsnes,NO,2022-01-24 00:32:48,69.2296,17.9811,41.61,92,100,38.72
367,Khatanga,RU,2022-01-24 00:32:48,71.9667,102.5,-17.61,100,100,4.59
368,Evensk,RU,2022-01-24 00:32:48,61.95,159.2333,-12.51,80,97,6.38
369,Chesapeake,US,2022-01-24 00:32:49,36.819,-76.2749,39.2,68,0,3.0
370,Petropavlovsk-Kamchatskiy,RU,2022-01-24 00:31:28,53.0452,158.6483,5.59,61,0,8.95
371,La Romana,DO,2022-01-24 00:32:49,18.4273,-68.9728,73.76,73,20,9.22
372,Lima,PE,2022-01-24 00:27:57,-12.0432,-77.0282,71.38,61,0,1.01
373,Kui Buri,TH,2022-01-24 00:32:50,12.0828,99.8543,74.98,72,9,4.03
374,Honiara,SB,2022-01-24 00:32:50,-9.4333,159.95,87.22,68,100,8.08
375,Yelkhovka,RU,2022-01-24 00:32:50,53.8667,50.2832,11.16,95,100,3.94
376,Pontianak,ID,2022-01-24 00:32:51,-0.0333,109.3333,76.98,94,20,3.44
377,Gazli,UZ,2022-01-24 00:32:51,40.1333,63.45,31.19,78,3,9.6
378,Leopoldina,BR,2022-01-24 00:32:51,-21.5319,-42.6431,70.14,95,0,2.15
379,Yashalta,RU,2022-01-24 00:32:52,46.3395,42.2762,31.28,96,100,10.42
380,Nyagan,RU,2022-01-24 00:32:08,62.1406,65.3936,0.39,98,38,4.54
381,Ponta Do Sol,PT,2022-01-24 00:32:52,32.6667,-17.1,63.72,80,97,4.85
382,Suhbaatar,MN,2022-01-24 00:32:53,50.2314,106.2078,2.3,98,100,1.43
383,Kuantan,MY,2022-01-24 00:32:53,3.8077,103.326,73.51,94,20,1.14
384,Theog,IN,2022-01-24 00:32:54,31.1167,77.35,32.7,99,100,1.3
385,Senno,RU,2022-01-24 00:32:54,59.5336,33.9167,13.86,92,80,8.88
386,Priiskovyy,RU,2022-01-24 00:32:54,51.9333,116.6333,-3.44,97,100,1.14
387,Hof,DE,2022-01-24 00:32:55,50.3167,11.9167,36.45,66,100,2.3
388,Komsomolskiy,UZ,2022-01-24 00:32:55,40.4272,71.7189,35.02,86,75,2.3
389,Nanakuli,US,2022-01-24 00:32:14,21.3906,-158.1547,82.35,57,40,8.05
390,Lasa,IT,2022-01-24 00:32:55,46.6166,10.7002,36.48,63,1,5.64
391,Nuoro,IT,2022-01-24 00:32:56,40.3211,9.3297,38.39,86,0,1.81
392,Pochutla,MX,2022-01-24 00:32:56,15.7432,-96.4661,79.65,70,0,4.74
393,Viedma,AR,2022-01-24 00:32:56,-40.8135,-62.9967,76.77,33,26,17.94
394,Valencia,ES,2022-01-24 00:32:57,39.3333,-0.8333,45.66,90,49,1.88
395,Christchurch,NZ,2022-01-24 00:32:57,-43.5333,172.6333,61.95,85,75,1.99
396,Lavrentiya,RU,2022-01-24 00:32:58,65.5833,-171.0,10.13,96,100,4.18
397,The Valley,AI,2022-01-24 00:32:58,18.217,-63.0578,77.83,70,0,7.45
398,Kuopio,FI,2022-01-24 00:32:58,62.8924,27.677,31.95,93,100,8.05
399,Moosomin,CA,2022-01-24 00:32:59,50.1333,-101.6677,14.18,92,100,12.28
400,Codrington,AU,2022-01-24 00:32:59,-38.2667,141.9667,91.02,24,100,6.13
401,Arauca,CO,2022-01-24 00:32:59,7.0847,-70.7591,82.4,69,40,0.0
402,Merrill,US,2022-01-24 00:33:00,45.1805,-89.6835,7.57,60,75,9.22
403,Aksarka,RU,2022-01-24 00:31:02,66.5606,67.7975,-0.24,99,81,10.56
404,Hanyang,CN,2022-01-24 00:33:00,32.1371,105.5126,37.6,76,33,3.4
405,Ostroleka,PL,2022-01-24 00:33:01,53.0862,21.5757,25.29,96,17,5.48
406,Hofn,IS,2022-01-24 00:33:01,64.2539,-15.2082,30.13,53,0,14.0
407,Bonavista,CA,2022-01-24 00:31:12,48.6499,-53.1147,27.12,77,85,16.89
408,Ust-Omchug,RU,2022-01-24 00:33:01,61.15,149.6333,-27.51,100,98,3.56
409,Ulaangom,MN,2022-01-24 00:31:13,49.9811,92.0667,-14.75,81,88,4.32
410,Nantucket,US,2022-01-24 00:28:41,41.2835,-70.0995,35.15,72,94,16.64
411,Batemans Bay,AU,2022-01-24 00:30:53,-35.7167,150.1833,79.2,58,100,7.54
412,Colquechaca,BO,2022-01-24 00:33:02,-18.6667,-66.0167,37.24,83,100,5.17
413,Ngaoundere,CM,2022-01-24 00:34:02,7.3167,13.5833,61.81,26,0,3.62
414,Mayo,US,2022-01-24 00:34:03,38.8876,-76.5119,36.27,70,75,1.99
415,Emerald,AU,2022-01-24 00:30:04,-23.5333,148.1667,84.34,54,75,8.05
416,Jaisinghnagar,IN,2022-01-24 00:34:03,23.7,81.3833,53.15,69,2,4.54
417,Almora,IN,2022-01-24 00:34:04,29.6167,79.6667,40.33,96,100,2.06
418,Tres Lagoas,BR,2022-01-24 00:32:29,-20.7511,-51.6783,78.4,66,87,2.86
419,Andrelandia,BR,2022-01-24 00:34:04,-21.7397,-44.3092,65.71,95,25,2.51
420,Tabuk,PH,2022-01-24 00:34:05,17.4189,121.4443,76.26,86,100,2.3
421,Roseland,US,2022-01-24 00:34:05,38.4221,-122.728,67.62,55,0,1.99
422,Ostrovnoy,RU,2022-01-24 00:34:05,68.0531,39.5131,31.62,95,100,31.5
423,Pandoh,IN,2022-01-24 00:34:06,31.6833,77.05,45.25,97,100,1.41
424,Dese,ET,2022-01-24 00:34:06,11.1333,39.6333,48.24,68,8,1.19
425,Kolyshley,RU,2022-01-24 00:34:07,52.7005,44.5367,23.13,92,100,10.58
426,Shelburne,CA,2022-01-24 00:34:07,44.0787,-80.2041,7.25,76,14,4.43
427,Todos Santos,MX,2022-01-24 00:34:07,23.45,-110.2167,72.19,60,100,10.51
428,Preobrazheniye,RU,2022-01-24 00:34:08,42.9019,133.9064,20.41,51,0,7.96
429,Inuvik,CA,2022-01-24 00:29:13,68.3499,-133.7218,2.26,78,75,3.44
430,Caceres,ES,2022-01-24 00:34:08,39.522,-6.3748,38.8,81,0,5.59
431,Alindao,CF,2022-01-24 00:34:09,5.0267,21.2088,75.96,32,96,1.83
432,Tinalmud,PH,2022-01-24 00:34:09,13.5941,122.878,79.74,82,33,8.7
433,Buga,CO,2022-01-24 00:33:16,3.9009,-76.2978,78.51,93,79,0.78
434,Westport,US,2022-01-24 00:34:10,41.1415,-73.3579,35.42,66,100,8.01
435,Groningen,NL,2022-01-24 00:32:17,53.25,6.75,42.03,88,100,5.75
436,Zenzeli,RU,2022-01-24 00:34:10,45.9241,47.0474,33.69,80,100,21.72
437,Batangafo,CF,2022-01-24 00:34:10,7.3008,18.2833,70.27,24,25,4.32
438,Byron Bay,AU,2022-01-24 00:34:11,-28.65,153.6167,79.88,68,57,13.65
439,Simbahan,PH,2022-01-24 00:34:11,6.3032,120.5836,81.19,81,100,12.3
440,Beian,NO,2022-01-24 00:34:11,63.6559,9.5683,49.01,66,75,27.63
441,Cuajinicuilapa,MX,2022-01-24 00:34:12,16.4667,-98.4167,76.71,66,2,4.07
442,Oda,JP,2022-01-24 00:34:12,35.1833,132.5,41.77,62,95,17.58
443,Lac Du Bonnet,CA,2022-01-24 00:34:12,50.2536,-96.0612,1.22,99,99,2.68
444,Sambava,MG,2022-01-24 00:34:13,-14.2667,50.1667,74.26,91,100,4.29
445,Nome,US,2022-01-24 00:34:13,64.5011,-165.4064,5.16,78,0,0.0
446,Road Town,VG,2022-01-24 00:34:13,18.4167,-64.6167,75.24,78,20,4.61
447,Comodoro Rivadavia,AR,2022-01-24 00:34:14,-45.8667,-67.5,69.66,28,0,31.07
448,Coruripe,BR,2022-01-24 00:34:14,-10.1256,-36.1756,78.35,82,97,8.34
449,Sfantu Gheorghe,RO,2022-01-24 00:34:14,45.8667,25.7833,12.27,94,100,1.01
450,Lucena,PH,2022-01-24 00:34:15,13.9314,121.6172,78.1,78,29,7.61
451,Elesbao Veloso,BR,2022-01-24 00:34:15,-6.2019,-42.1403,75.76,71,59,2.13
452,Tarare,FR,2022-01-24 00:34:16,45.8976,4.4327,32.25,90,19,2.01
453,Bykovo,RU,2022-01-24 00:34:16,55.6361,38.0803,12.56,100,100,3.65
454,Zaysan,KZ,2022-01-24 00:34:16,47.4667,84.8667,-6.16,85,94,2.86
455,San Vicente,AR,2022-01-24 00:34:17,-26.6167,-54.1333,76.17,69,100,4.18
456,Dubnany,CZ,2022-01-24 00:34:17,48.9169,17.09,34.0,94,99,4.16
457,Lao Cai,VN,2022-01-24 00:34:17,22.4833,103.95,63.77,84,34,0.96
458,Mont-Dore,NC,2022-01-24 00:34:18,-22.2833,166.5833,84.18,99,63,5.99
459,Abomey,BJ,2022-01-24 00:34:18,7.1829,1.9912,72.88,63,0,2.55
460,Port Augusta,AU,2022-01-24 00:35:18,-32.5,137.7667,78.94,50,89,11.5
461,Sabang,ID,2022-01-24 00:35:19,5.8933,95.3214,79.29,75,79,4.7
462,Meulaboh,ID,2022-01-24 00:35:19,4.1363,96.1285,76.03,88,64,3.51
463,Ketchikan,US,2022-01-24 00:35:19,55.3422,-131.6461,45.07,93,100,9.22
464,Harper,LR,2022-01-24 00:35:20,4.375,-7.7169,77.29,86,5,5.1
465,Rongcheng,CN,2022-01-24 00:35:20,30.634,117.8517,41.74,94,100,5.91
466,Lubango,AO,2022-01-24 00:35:20,-14.9172,13.4925,58.87,75,58,4.29
467,Saint-Augustin,CA,2022-01-24 00:35:20,51.226,-58.6502,8.62,97,99,0.92
468,Bumba,CD,2022-01-24 00:35:21,2.1833,22.4667,75.31,54,95,1.68
469,Puerto Baquerizo Moreno,EC,2022-01-24 00:35:21,-0.9,-89.6,73.47,88,100,10.76
470,Katherine,AU,2022-01-24 00:35:21,-14.4667,132.2667,82.72,78,75,12.66
471,Bolu,TR,2022-01-24 00:35:22,40.6667,31.5833,18.59,96,100,4.25
472,Yar-Sale,RU,2022-01-24 00:35:22,66.8333,70.8333,4.37,94,10,12.8
473,Roswell,US,2022-01-24 00:33:13,34.0232,-84.3616,43.72,59,0,4.61
474,Seydi,TM,2022-01-24 00:35:23,39.4816,62.9137,33.48,66,0,9.82
475,Kalemie,CD,2022-01-24 00:35:23,-5.9475,29.1947,67.78,88,98,4.81
476,Baculin,PH,2022-01-24 00:35:24,7.4525,126.5842,76.37,94,100,9.44
477,Zaozhuang,CN,2022-01-24 00:35:24,34.8647,117.5542,32.65,63,94,2.48
478,Malakal,SS,2022-01-24 00:35:24,9.5334,31.6605,76.89,19,15,9.48
479,Haines Junction,CA,2022-01-24 00:35:25,60.7522,-137.5108,24.75,86,100,0.0
480,La Ronge,CA,2022-01-24 00:35:25,55.1001,-105.2842,-3.75,84,0,4.61
481,Bereda,ES,2022-01-24 00:35:26,43.2686,-7.5406,35.42,96,0,1.61
482,Dunedin,NZ,2022-01-24 00:32:46,-45.8742,170.5036,56.8,79,100,5.01
483,Danville,US,2022-01-24 00:35:26,36.586,-79.395,37.62,59,0,4.61
484,Caninde De Sao Francisco,BR,2022-01-24 00:35:27,-9.66,-37.7894,76.95,73,41,6.67
485,Verkhnyaya Inta,RU,2022-01-24 00:35:27,65.9811,60.3094,9.57,91,28,9.6
486,Tutoia,BR,2022-01-24 00:35:27,-2.7619,-42.2744,84.18,81,100,10.78
487,Ruwi,OM,2022-01-24 00:35:28,23.5996,58.5507,64.09,63,0,8.72
488,Prince Rupert,CA,2022-01-24 00:35:28,54.3161,-130.3201,44.69,92,100,3.44
489,Hirara,JP,2022-01-24 00:35:28,24.8,125.2833,69.66,94,75,3.44
490,Marystown,CA,2022-01-24 00:35:29,47.1666,-55.1483,29.86,100,96,11.43
491,Atar,MR,2022-01-24 00:35:29,20.5169,-13.0499,71.51,18,99,7.49
492,Morro Bay,US,2022-01-24 00:35:30,35.3658,-120.8499,71.19,44,0,1.99
493,Huilong,CN,2022-01-24 00:35:30,31.8111,121.655,45.03,82,100,12.3
494,Suisun City,US,2022-01-24 00:35:30,38.2382,-122.0402,65.98,55,0,4.61
495,Ravar,IR,2022-01-24 00:35:31,31.2656,56.8055,38.62,33,0,0.22
496,Bend,US,2022-01-24 00:35:31,44.0582,-121.3153,58.86,29,0,4.61
497,Grimshaw,CA,2022-01-24 00:35:31,56.1834,-117.6027,37.02,87,100,16.11
498,Grass Valley,US,2022-01-24 00:35:32,39.2191,-121.0611,59.38,40,0,0.0
499,Kondoa,TZ,2022-01-24 00:35:32,-4.9,35.7833,60.37,93,100,3.53
500,Xiaoweizhai,CN,2022-01-24 00:35:32,26.1903,107.5125,39.69,94,100,4.63
501,Buckeye,US,2022-01-24 00:31:45,33.3703,-112.5838,71.13,35,0,5.75
502,Kurilsk,RU,2022-01-24 00:35:33,45.2333,147.8833,25.36,65,100,6.33
503,Jiexiu,CN,2022-01-24 00:35:33,37.0244,111.9125,33.04,87,100,4.88
504,Dickinson,US,2022-01-24 00:36:33,29.4608,-95.0513,57.29,59,75,1.01
505,Gizo,SB,2022-01-24 00:36:34,-8.103,156.8419,85.89,69,74,8.08
506,Olkhovka,RU,2022-01-24 00:36:34,53.2115,60.6069,-8.34,99,23,3.94
507,Pacific Grove,US,2022-01-24 00:36:34,36.6177,-121.9166,65.88,55,0,1.99
508,Sulmona,IT,2022-01-24 00:36:35,42.0479,13.9291,41.22,83,33,1.07
509,Iranduba,BR,2022-01-24 00:36:35,-3.2847,-60.1861,80.92,91,100,1.68
510,Parit Buntar,MY,2022-01-24 00:36:35,5.1267,100.4932,78.78,88,95,2.66
511,Nuuk,GL,2022-01-24 00:32:01,64.1835,-51.7216,23.88,53,100,11.01
512,Resistencia,AR,2022-01-24 00:36:30,-27.4606,-58.9839,91.38,49,0,9.22
513,Kalianget,ID,2022-01-24 00:36:36,-7.05,113.9333,81.68,80,82,11.21
514,Vaitape,PF,2022-01-24 00:36:36,-16.5167,-151.75,81.39,70,100,13.85
515,Omsukchan,RU,2022-01-24 00:36:37,62.5333,155.8,-24.48,97,100,4.94
516,Tigzirt,DZ,2022-01-24 00:36:37,36.8886,4.1198,49.5,62,4,6.31
517,Vila Franca Do Campo,PT,2022-01-24 00:36:37,37.7167,-25.4333,59.2,71,25,5.55
518,Sao Bernardo,BR,2022-01-24 00:36:38,-3.3614,-42.4178,74.89,92,100,4.72
519,Liverpool,GB,2022-01-24 00:36:38,53.4106,-2.9779,40.28,87,100,3.0
520,Beni Suef,EG,2022-01-24 00:36:38,29.0731,31.0979,52.7,47,72,9.33
521,Sao Filipe,CV,2022-01-24 00:36:39,14.8961,-24.4956,74.35,73,100,15.43
522,Guerrero Negro,MX,2022-01-24 00:36:39,27.9769,-114.0611,63.12,49,100,10.09
523,Tatishchevo,RU,2022-01-24 00:36:39,51.6703,45.5953,15.13,91,100,10.94
524,Ola,RU,2022-01-24 00:36:40,59.5833,151.2833,-11.87,84,65,9.35
525,La Asuncion,VE,2022-01-24 00:36:40,11.0333,-63.8628,78.53,73,2,16.11
526,Balakhninskiy,RU,2022-01-24 00:36:40,58.0106,114.2769,-26.03,100,86,2.17
527,Yumen,CN,2022-01-24 00:36:41,40.2833,97.2,16.2,55,0,1.1
528,Sao Felix Do Xingu,BR,2022-01-24 00:36:41,-6.6447,-51.995,73.27,96,100,0.78
529,Sistranda,NO,2022-01-24 00:36:41,63.7256,8.834,48.9,72,100,47.38
530,Thouars,FR,2022-01-24 00:36:42,46.976,-0.2151,36.19,95,1,6.91
531,Hillsborough,US,2022-01-24 00:36:42,37.5741,-122.3794,65.07,54,0,0.0
532,Tarui,JP,2022-01-24 00:36:43,35.3667,136.5333,46.09,98,100,8.08
533,Salmon Creek,US,2022-01-24 00:36:43,45.7107,-122.649,52.29,75,0,5.75
534,Harare,ZW,2022-01-24 00:35:10,-17.8294,31.0539,61.83,89,100,10.11
535,Fairlie,GB,2022-01-24 00:36:43,55.756,-4.8556,45.23,86,100,17.18
536,Takhatpur,IN,2022-01-24 00:36:44,22.15,81.8667,55.94,63,0,5.64
537,Chicama,PE,2022-01-24 00:36:44,-7.8447,-79.1469,68.54,77,8,7.18
538,Coihaique,CL,2022-01-24 00:36:44,-45.5752,-72.0662,55.35,58,75,9.22
539,Porbandar,IN,2022-01-24 00:36:45,21.6422,69.6093,60.15,57,0,7.65
540,Qui Nhon,VN,2022-01-24 00:33:14,13.7667,109.2333,74.68,85,24,4.18
541,Aleksandrov Gay,RU,2022-01-24 00:34:01,50.147,48.5704,16.03,89,100,14.72
542,Zomin,UZ,2022-01-24 00:36:45,39.9606,68.3958,30.63,76,7,3.38
543,Los Zacatones,MX,2022-01-24 00:36:46,22.95,-102.05,65.75,32,100,12.24
544,Igarka,RU,2022-01-24 00:36:46,67.4667,86.5833,-21.39,100,100,3.53
545,Beringovskiy,RU,2022-01-24 00:36:46,63.05,179.3167,-19.14,96,29,5.39
546,Samana,DO,2022-01-24 00:36:47,19.2056,-69.3369,72.7,85,0,5.61
547,Camacha,PT,2022-01-24 00:36:47,33.0833,-16.3333,59.76,77,40,2.3
548,Vilhena,BR,2022-01-24 00:36:47,-12.7406,-60.1458,69.46,93,9,0.89
549,Bandarbeyla,SO,2022-01-24 00:36:48,9.4942,50.8122,74.21,71,86,16.69
550,Egvekinot,RU,2022-01-24 00:35:13,66.3167,-179.1667,-16.17,97,100,3.6
551,Gorom-Gorom,BF,2022-01-24 00:37:09,14.4439,-0.2361,64.6,14,0,9.66
552,Ivdel,RU,2022-01-24 00:37:48,60.6911,60.4206,17.31,96,100,2.04
553,Bongandanga,CD,2022-01-24 00:37:49,1.5,21.05,76.71,58,81,3.2
554,Collie,AU,2022-01-24 00:37:49,-33.3667,116.15,66.97,63,82,12.41
555,Muravlenko,RU,2022-01-24 00:37:49,63.7898,74.523,-11.7,100,64,3.83
556,Husavik,IS,2022-01-24 00:37:50,66.0449,-17.3389,26.51,72,59,22.15
557,Karlovac,HR,2022-01-24 00:37:50,45.4872,15.5478,33.75,90,100,4.36
558,Mae Hong Son,TH,2022-01-24 00:37:50,19.3003,97.9685,53.74,94,20,0.0
559,Broome,US,2022-01-24 00:37:50,42.2506,-75.833,26.02,82,100,3.0
560,Lovington,US,2022-01-24 00:37:51,32.944,-103.3485,49.05,48,6,6.87
561,Misawa,JP,2022-01-24 00:37:51,40.6836,141.3597,33.6,76,95,12.15
562,Bilibino,RU,2022-01-24 00:37:07,68.0546,166.4372,-27.99,96,100,4.29
563,Quatre Cocos,MU,2022-01-24 00:37:52,-20.2078,57.7625,78.91,78,14,8.41
564,Flinders,AU,2022-01-24 00:37:52,-34.5833,150.8552,77.38,69,100,4.0
565,Vadlapudi,IN,2022-01-24 00:37:52,14.3167,79.8,70.95,83,6,4.16
566,Sulangan,PH,2022-01-24 00:37:53,11.1373,123.7228,79.36,85,66,17.54
567,Necochea,AR,2022-01-24 00:37:42,-38.5473,-58.7368,66.04,50,0,8.19
568,Antalaha,MG,2022-01-24 00:37:53,-14.9003,50.2788,74.62,94,100,3.94
569,San Quintin,MX,2022-01-24 00:37:53,30.4833,-115.95,61.97,48,0,8.39
570,Mount Isa,AU,2022-01-24 00:37:54,-20.7333,139.5,80.37,89,100,14.97
571,Kamenka,RU,2022-01-24 00:37:54,51.3223,42.7678,18.75,89,100,13.11
